date,n1,n2,n3,n4,n5,n6,bonus
07/09,1,5,8,35,36,37,24
07/13,15,18,20,22,30,38,42
07/16,3,8,13,14,16,43,26
07/20,1,3,10,17,25,26,36
07/23,12,15,18,21,26,32,41
07/27,1,2,4,25,37,40,43
07/30,6,20,29,36,37,41,19
08/03,3,22,25,28,30,43,39
08/06,18,20,22,35,37,42,24
08/10,7,12,15,29,30,33,22
08/13,13,20,22,27,35,38,11
08/17,2,4,6,16,25,41,40
08/20,12,18,35,40,41,43,3
08/24,25,26,28,33,35,43,9
08/27,9,15,16,19,31,32,4
08/31,1,11,14,20,29,38,27
09/03,5,9,10,19,26,35,18
09/07,7,13,32,34,37,39,41
09/10,6,7,33,37,41,43,42
09/14,4,8,10,25,28,33,9
09/17,9,16,21,26,38,40,12
09/21,3,6,23,34,36,43,29
09/24,4,10,11,19,21,33,30
09/28,14,15,22,32,37,41,1
10/01,2,14,20,21,31,39,36
